-111501835943629822,Zady 250 Tablet,2025-05-31 12:54:20
-111501835943629822,A Doxid 100mg Capsule,2025-05-31 12:55:28
-111501835943629822,A Doxid 100mg Capsule,2025-05-31 13:00:37
-111501835943629822,Zady 250 Tablet,2025-05-31 13:02:41
7239718609484368099,Zady 250 Tablet,2025-05-31 18:10:37
7239718609484368099,Zady 250 Tablet,2025-05-31 18:12:42
-111501835943629822,Dabiclot 75mg Capsule,2025-06-01 05:58:02
-111501835943629822,Dabiclot 75mg Capsule,2025-06-01 06:05:38
-111501835943629822,Zenoxa Oral Suspension Banana,2025-06-01 06:18:06
-111501835943629822,Paracip 500 Tablet,2025-06-02 10:01:18
-111501835943629822,Zady 500 Tablet,2025-06-02 12:00:01
-111501835943629822,Zedex-P Syrup,2025-06-02 12:03:52
-111501835943629822,Gabacnx NT 400mg/10mg Tablet,2025-06-02 12:35:18
-111501835943629822,Saliderm CL Face Wash,2025-06-02 14:06:16
-111501835943629822,A-Ret 0.1% Gel,2025-06-02 14:06:43
-111501835943629822,Zenoxa OD 600 Tablet SR,2025-06-02 14:12:38
